﻿Designator,Footprint,Quantity,Value,LCSC Part #
BT1,JST_XH_S2B-XH-A_1x02_P2.50mm_Horizontal,1,Battery,
"C1, C2, C3",0805,3,0.1uF,
C4,0603,1,22uF,
C5,0603,1,0.1uF,
D1,0603,1,LED,
"D2, D3",SK6812MINI-E,2,SK6812MINI,
"D4, D5",D_SMA-SMB_Universal_Handsoldering,2,D_Shockley,
J1,USB_C_Receptacle_G-Switch_GT-USB-7010ASV,1,USB_C_Receptacle_USB2.0_16P,
L1,1008,1,2.2µH/±20%/1.5A,
Q5,SOT-23,1,BSS138,
R1,0603,1,R5.1k,
R10,0603,1,1.8M,
R11,0603,1,200k,
R2,0603,1,R5.1kΩ,
R3,0603,1,120,
"R4, R5, R6",0603,3,10K,
R7,0603,1,15k,
"R8, R9",0603,2,100k,
"SW2, SW3",SW_Cherry_MX_PCB_1.00u,2,SW_Push,
"SW_BOOT1, SW_RESET1",SW_Push_SPST_NO_Alps_SKRK,2,SW_Push,
U1,NanoS3_HandSolder,1,NanoS3,
U2,PS4_joystick,1,COM-09032,
U3,Texas_S-PVSON-N10_ThermalVias,1,TPS61200DRC,
